store_id,Total Revenue
101,94270.8
103,68274.56999999998
102,68782.20000000001
105,55980.91
104,76455.08000000002
